work_year,experience_level,employment_type,job_title,salary,salary_currency,salary_in_usd,employee_residence,remote_ratio,company_location,company_size
2023,MI,FL,Data Science & AI Intern,0,USD,0,DE,50,DE,M
2023,MI,PT,Working Student in Data Science,0,USD,0,DE,0,DE,M
2023,EN,PT,Working Student - Data Science,0,USD,0,DE,50,DE,M
2023,EN,PT,Working Student / Intern Data Science,0,USD,0,DE,50,DE,M
2023,EN,FT,Data Science Internship in Portfolio Management Central Europe,0,USD,0,DE,0,DE,M
2023,MI,FT,Data Engineer,0,USD,0,DE,0,DE,M
2023,EN,PT,Werkstudent*in Data Science,0,USD,0,DE,50,DE,M
2023,MI,FT,Data Scientist / Data Analyst,0,USD,0,DE,50,DE,M
2023,EN,PT,Working Student / Intern Data Science,0,USD,0,DE,50,DE,M
2023,EN,FT,Data Science Internship in Portfolio Management Central Europe,0,USD,0,DE,50,DE,M
2023,MI,FT,Data Scientist / Data Analyst,0,USD,0,DE,50,DE,M
2023,EN,FT,Data Engineer,0,USD,0,DE,50,DE,M
2023,EN,PT,Werkstudent Data Science,0,USD,0,DE,50,DE,M
2023,EN,FT,Data Science Intern,0,USD,0,DE,100,DE,M
2023,MI,FT,Data Science / ML Engineer,0,USD,0,DE,50,DE,M
2023,EN,FT,Data Engineer,0,USD,0,DE,50,DE,M
2023,EN,FT,Data Scientist,0,USD,0,DE,0,DE,M
2023,EN,FT,Supply Chain Data Analysis Internship,0,USD,0,DE,50,DE,M
2023,EN,FT,Data Analyst,0,USD,0,DE,100,DE,M
2023,EN,PT,Working Student Data Science - Artificial Intelligence,0,USD,0,DE,50,DE,M
2023,EN,PT,Werkstudent Data Science,0,USD,0,DE,0,DE,M
2023,MI,FT,Data Scientist,0,USD,0,DE,50,DE,M
2023,EN,FT,Internship in data science and energy trading,0,USD,0,DE,50,DE,M
2023,EN,PT,Cloud Solutions / Data Engineering,0,USD,0,DE,100,DE,M
2023,EN,FT,Data Engineer,0,USD,0,DE,60,DE,M
2023,EN,CT,Data Science Consultant,0,USD,0,DE,50,DE,M
2023,EN,PT,Engineering Data Analyst,0,USD,0,DE,50,DE,M
2023,EN,FT,Data Engineer,0,USD,0,DE,100,DE,M
2023,EN,FT,Trainee Data Science & Management,0,USD,0,DE,0,DE,M
2023,MI,FT,Data Analyst,0,USD,0,DE,100,DE,M
2023,SE,FT,Manager Data Science,0,USD,0,DE,100,DE,M
2023,EN,FT,Powertrain Data Engineering Internship,0,USD,0,DE,50,DE,M
2023,MI,FT,Data Scientist,0,USD,0,DE,50,DE,M
2023,EN,FT,Consultant Advanced Analytics Data Science / New Data Solutions,0,USD,0,DE,50,DE,M
2023,EN,FT,Data Scientist,0,USD,0,DE,0,DE,M
2023,EN,PT,Intern in AI/Data Analytics,0,USD,0,DE,50,DE,M
2023,EN,FT,Data Engineer,0,USD,0,DE,100,DE,M
2023,EN,PT,Data Scientist,0,USD,0,DE,50,DE,M
2023,EN,FT,Data Product Developer,0,USD,0,DE,100,DE,M
2023,EN,FT,Trainee Program Data Science,0,USD,0,DE,0,DE,M
2023,EN,FT,Data Scientist/Analyst,0,USD,0,DE,0,DE,M
2023,EN,FT,Data Scientist,0,USD,0,DE,50,DE,M
2023,EN,FT,Associate Consultant - Big Data & Analytics,0,USD,0,DE,0,DE,M
2023,EN,FT,Data Science Consultant,0,USD,0,DE,50,DE,M
2023,EN,FT,Analyst - Data Analytics,0,USD,0,DE,50,DE,M
2023,EN,CT,Environmental Data Scientist,0,USD,0,DE,50,DE,M
2023,EN,FT,Data Science / Machine Learning Internship,0,USD,0,DE,0,DE,M
2023,EN,FT,Data Science / Analytics,0,USD,0,DE,100,DE,M
2023,MI,FT,Data Engineer,0,USD,0,DE,100,DE,M
2023,MI,FT,Data Scientist,0,USD,0,DE,0,DE,M
2023,EN,FT,DATA SCIENCE DEVELOPER,0,USD,0,DE,50,DE,M
2023,EN,FT,Data Scientist,0,USD,0,DE,50,DE,M
2023,SE,FT,Director of Commercial Data Science & AI - EU,0,USD,0,DE,0,DE,M
2023,EN,FT,Data Scientist,0,USD,0,DE,100,DE,M
2023,EN,FT,Data Engineer,0,USD,0,DE,100,DE,M
2023,EN,FT,Data Science Intern / Working Student,0,USD,0,DE,50,DE,M
2023,MI,FT,Data Scientist,0,USD,0,DE,50,DE,M
2023,EN,PT,Werkstudent Data Science - Artificial Intelligence,0,USD,0,DE,100,DE,M
2023,EN,PT,Daten Scientist,0,USD,0,DE,100,DE,M
2023,EN,FT,Data Engineer,0,USD,0,DE,50,DE,M
2023,SE,FT,Staff Data Engineer,0,USD,0,DE,50,DE,M
2023,MI,PT,Data Scientist,0,USD,0,DE,50,DE,M
2023,EN,FT,Data Engineering Working Student/Intern,0,USD,0,DE,50,DE,M
2023,EN,FT,Doktorand im Bereich Data Science AI & Fahrzeuganalyse Maschinelles Lernen / DeepLearning,0,USD,0,DE,50,DE,M
2023,EN,PT,LifeSaver Software Engineer or Data Scientist Working Student / Intern,0,USD,0,DE,50,DE,M
2023,EN,FT,Data Engineering Architect,0,USD,0,DE,50,DE,M
2023,EN,CT,Data Scientist,0,USD,0,DE,100,DE,M
2023,EN,FT,Data Analysis / Data Engineering / Data Science,0,USD,0,DE,50,DE,M
2023,SE,FT,Data Science Manager,0,USD,0,DE,100,DE,M
2023,EN,FT,Data Scientist,0,USD,0,DE,50,DE,M
2023,EN,FT,Data Engineer,0,USD,0,DE,60,DE,M
2023,EN,FT,Reporting & Data Analyst,0,USD,0,DE,50,DE,M
2023,SE,FT,Data Engineer,0,USD,0,DE,100,DE,M
2023,SE,FT,Data Scientist,0,USD,0,DE,50,DE,M
2023,EN,FT,Data Scientist,0,USD,0,DE,50,DE,M
2023,SE,FT,Data Science Manager,0,USD,0,DE,100,DE,M
2023,EN,PT,Data Scientist,0,USD,0,DE,60,DE,M
2023,SE,FT,Business & Data Analyst,0,USD,0,DE,50,DE,M
2023,SE,FT,Expert Business Intelligence & Data Science,0,USD,0,DE,50,DE,M
2023,EN,FT,Data Scientist/Analyst,0,USD,0,DE,0,DE,M
2023,SE,FT,Data Scientist,0,USD,0,DE,50,DE,M
2023,EN,FT,Praktikant Data Science,0,USD,0,DE,0,DE,M
2023,EN,FT,Consultant Data Science & Artificial Intelligence,0,USD,0,DE,100,DE,M
2023,EN,FT,Werkstudent im Bereich Data Science,0,USD,0,DE,0,DE,M
2023,EN,FT,Data Scientist - Quantitative Investment Research,0,USD,0,DE,50,DE,M
2023,SE,FT,Research Scientist (Artificial Intelligence),0,USD,0,DE,50,DE,M
2023,EN,FT,Data Engineer - Python,0,USD,0,DE,100,DE,M
2023,EN,FT,Data Engineer (Software Engineer),0,USD,0,DE,0,DE,M
2023,EN,FT,Data Scientist,0,USD,0,DE,100,DE,M
2023,EN,FT,Data Engineer,0,USD,0,DE,100,DE,M
2023,MI,FT,Preclinical Development Manager,0,USD,0,DE,50,DE,M
2023,EN,FT,Data Scientist in the field of autonomous driving - Perception,0,USD,0,DE,0,DE,M
2023,SE,FT,Head of Data Science & Analytics,0,USD,0,DE,0,DE,M
2023,EN,FT,Data Analyst,0,USD,0,DE,50,DE,M
2023,SE,FT,Big Data Engineer,0,USD,0,DE,50,DE,M
2023,EN,FT,Data Scientist,0,USD,0,DE,40,DE,M
2023,SE,FT,Data Scientist,0,USD,0,DE,20,DE,M
2023,EN,FT,Data Scientist in der Unternehmensberatung,0,USD,0,DE,100,DE,M
2023,EN,CT,PhD positions in Biomedical Sciences at the MDC Berlin,0,USD,0,DE,0,DE,M
2023,EN,FT,Associate Product Data Analyst,0,USD,0,DE,100,DE,M
2023,SE,FT,PLM Data Modeler,0,USD,0,DE,50,DE,M
2023,MI,FT,Data Scientist,0,USD,0,DE,100,DE,M
2023,EX,PT,Wissenschaftler Berater Digitalisierung in Bildung & Wissenschaft / Data Science,0,USD,0,DE,50,DE,M
2023,EN,FT,Data Scientist,0,USD,0,DE,50,DE,M
2023,EX,FT,Data Engineer,0,USD,0,DE,50,DE,M
2023,SE,FT,Data Scientist,0,USD,0,DE,100,DE,M
2023,EN,FT,Werksstudent Data Analytics,0,USD,0,DE,50,DE,M
2023,EX,FT,Business Analyst,0,USD,0,DE,50,DE,M
2023,EN,FT,Data Science Produktion in Technology & Business Development Powertrain,0,USD,0,DE,0,DE,M
2023,EN,FT,Praktikant Data Science,0,USD,0,DE,50,DE,M
2023,MI,FT,Data Science / ML Engineer,0,USD,0,DE,0,DE,M
2023,EN,FT,Frontend developer,0,USD,0,DE,100,DE,M
2023,EN,FT,Software Engineer,0,USD,0,DE,0,DE,M
2023,SE,FT,Manager/Manager - Data Analytics & Data Science Strategy Consultant,0,USD,0,DE,50,DE,M
2023,EN,FT,Data Engineering Intern,0,USD,0,DE,0,DE,M
2023,EN,PT,Data Scientist,0,USD,0,DE,50,DE,M
2023,EN,FT,Data Scientist,0,USD,0,DE,100,DE,M
2023,SE,FT,Data Scientist Pricing & Forecasting,0,USD,0,DE,0,DE,M
2023,EN,CT,Abschlussarbeit im Bereich Data Science / Data Engineering,0,USD,0,DE,0,DE,M
2023,EN,PT,Werkstudent Data Science & Künstliche Intelligenz,0,USD,0,DE,50,DE,M
2023,EN,FT,Praktikant Data Science,0,USD,0,DE,0,DE,M
2023,EN,FT,Consultant AI & Data Science,0,USD,0,DE,0,DE,M
2023,SE,CT,Praktikant in der Managementberatung - Data Analytics and Artificial Intelligence,0,USD,0,DE,0,DE,M
2023,EN,PT,Data Scientist,0,USD,0,DE,50,DE,M
2023,SE,FT,Head of Data Science,0,USD,0,DE,50,DE,M
2023,EN,FT,PostDoc position - Aggregation and exploration of large climate data sets,0,USD,0,DE,0,DE,M
2023,SE,FT,Data Scientist,0,USD,0,DE,100,DE,M
2023,EN,FT,Ph.D. or Post Doc Position in Data Science,0,USD,0,DE,0,DE,M
2023,SE,FT,Data Science Manager,0,USD,0,DE,0,DE,M
2023,SE,FT,Wissenschaftler Berater Digitalisierung in Bildung & Wissenschaft / Data Science,0,USD,0,DE,50,DE,M
2023,SE,FT,PLM Data Modeler,0,USD,0,DE,50,DE,M
2023,EN,FT,Data Science Consultant,0,USD,0,DE,50,DE,M
2023,MI,FT,Doctoral Candidate in Meta-masked Learning for Vehicle Time Series Data,0,USD,0,DE,0,DE,M
2023,SE,FT,Data Analyst,0,USD,0,DE,50,DE,M
2023,EN,FT,Data Engineer,0,USD,0,DE,0,DE,M
2023,EN,PT,Werkstudent,0,USD,0,DE,0,DE,M
2023,EN,FL,Data Scientist,0,USD,0,DE,100,DE,M
2023,EN,FT,Praktikant/in im Bereich Montageplanung,0,USD,0,DE,0,DE,M
2023,SE,FT,Data Scientist,0,USD,0,DE,100,DE,M
2023,MI,FT,Data Scientist,0,USD,0,DE,100,DE,M
2023,EN,FT,PostDoc position - Aggregation and exploration of large climate data sets,0,USD,0,DE,0,DE,M
2023,SE,FT,R&D Data Engineer,0,USD,0,DE,50,DE,M
2023,EN,FT,Data Analyst,0,USD,0,DE,0,DE,M
2023,EN,FT,Praktikant in der Managementberatung - Data Analytics and Artificial Intelligence,0,USD,0,DE,0,DE,M
2023,SE,FT,Data Engineer,0,USD,0,DE,100,DE,M
2023,EN,PT,Head of Data Analysis,0,USD,0,DE,0,DE,M
2023,SE,CT,PhD positions in Biomedical Sciences,0,USD,0,DE,0,DE,M
2023,EN,FT,Data Analyst,0,USD,0,DE,50,DE,M
2023,EN,FT,Embedded Hardwareentwicklung oder Data Science,0,USD,0,DE,50,DE,M
2023,EX,FT,Data Analyst,0,USD,0,DE,50,DE,M
2023,EN,FT,Data Scientist,0,USD,0,DE,0,DE,M
2023,EN,FT,Data Analysis / Data Engineering / Data Science,0,USD,0,DE,50,DE,M
2023,EN,FT,Consultant AI & Data Science,0,USD,0,DE,50,DE,M
2023,EN,FT,Data Analyst/ Data Scientist,0,USD,0,DE,100,DE,M
2023,EN,PT,Werkstudent:in Data Science,0,USD,0,DE,100,DE,M
2023,EN,FL,Discover Trainee Big Data / Data Science,0,USD,0,DE,100,DE,M
2023,EN,FT,Data Analyst,0,USD,0,DE,100,DE,M
2023,EN,FT,Data Scientist,0,USD,0,DE,70,DE,M
2023,EN,FT,Data Scientist,0,USD,0,DE,50,DE,M
2023,MI,FT,Machine Learning Engineer / Data Scientist,0,USD,0,DE,100,DE,M
2023,EN,CT,Trainee Software Engineering & Data Science,0,USD,0,DE,25,DE,M
2023,EN,FT,Quantitative Developer,0,USD,0,DE,50,DE,M
2023,EN,FT,Data Scientist,0,USD,0,DE,50,DE,M
2023,SE,FT,Data Analyst - Process Automation,0,USD,0,DE,50,DE,M
2023,EN,FT,Werkstudent Data Science/ Data Engineering,0,USD,0,DE,50,DE,M
2023,EN,FT,Data & Analytics Consulting - Analyst,0,USD,0,DE,0,DE,M
2023,EN,PT,Werkstudent Data Science im Bereich Data Services,0,USD,0,DE,0,DE,M
2023,SE,FT,Data Engineer - Knowledge Graph,0,USD,0,DE,50,DE,M
2023,MI,FT,Financial Data Analyst,0,USD,0,DE,50,DE,M
2023,MI,CT,Intern in Machine Learning,0,USD,0,DE,0,DE,M
2023,SE,PT,Azure Data Engineer,0,USD,0,DE,50,DE,M
2023,EN,FT,Data Engineer,0,USD,0,DE,100,DE,M
2023,EN,FT,PostDoc position - Aggregation and exploration of large climate data sets,0,USD,0,DE,0,DE,M
2023,SE,FT,Knowledge Engineer,0,USD,0,DE,0,DE,M
2023,EN,FT,Consultant Data Science,0,USD,0,DE,50,DE,M
2023,EN,FT,Engineer Data Science Manufacturing,0,USD,0,DE,0,DE,M
2023,SE,FT,Head of Data Science,0,USD,0,DE,0,DE,M
2023,SE,FT,Specialist Data Analytics & Power BI,0,USD,0,DE,50,DE,M
2023,EN,FT,Data Integration Analyst,0,USD,0,DE,100,DE,M
2023,MI,FT,Data Science Manager,0,USD,0,DE,20,DE,M
2023,EN,FL,Ph.D. positions on generative AI in a human-machine society,0,USD,0,DE,50,DE,M
2023,EN,FT,Data Scientist,0,USD,0,DE,0,DE,M
2023,SE,FT,Data Scientist,0,USD,0,DE,0,DE,M
2023,MI,PT,PhD Student - Probabilistic Material Science Modeling/Data Analytics/AI,0,USD,0,DE,0,DE,M
2023,EN,FT,IT Data Engineer,0,USD,0,DE,0,DE,M
2023,EN,FT,Consultant Data Science,0,USD,0,DE,100,DE,M
2023,SE,FT,Statistician/Data Scientist,0,USD,0,DE,10,DE,M
2023,EN,FT,Consultant Data Science,0,USD,0,DE,50,DE,M
2023,EN,PT,Intern Data Analyst,0,USD,0,DE,50,DE,M
2023,SE,FT,Data Science Specialist,0,USD,0,DE,50,DE,M
2023,EN,FT,PhD Positions in Responsible Data Science,0,USD,0,DE,50,DE,M
2023,MI,FT,Product Manager - OpenData Global Data Tools,0,USD,0,DE,100,DE,M
2023,EN,FT,Data Engineer - Medical Imaging,0,USD,0,DE,50,DE,M
2023,EN,FT,Data Scientist Energy,0,USD,0,DE,50,DE,M
2023,EN,PT,Working Student Data Analytics,0,USD,0,DE,20,DE,M
2023,EN,FT,Product Manager,0,USD,0,DE,0,DE,M
2023,EN,PT,Intern Data Analyst,0,USD,0,DE,50,DE,M
2023,MI,CT,PhD candidate,0,USD,0,DE,0,DE,M
2023,EN,PT,Werkstudent Produktmarketing / Schwerpunkt Data Science,0,USD,0,DE,50,DE,M
2023,EN,FT,Data Scientist,0,USD,0,DE,100,DE,M
2023,SE,FT,Data Scientist,0,USD,0,DE,50,DE,M
2023,EN,FT,Data Scientist,0,USD,0,DE,50,DE,M
2023,SE,FT,Consultant - Cloud Analytics und Data Management,0,USD,0,DE,50,DE,M
2023,SE,FT,Data Scientist,0,USD,0,DE,50,DE,M
2023,MI,FT,Data Scientist - Data Analytics,0,USD,0,DE,50,DE,M
2023,SE,FT,Scientist/DevOps in E-Science Section,0,USD,0,DE,50,DE,M
2023,EN,FT,Applied Geneticist,0,USD,0,DE,0,DE,M
2023,EN,PT,Data Scientist,0,USD,0,DE,40,DE,M
2023,EN,FT,Research Associate / PhD student / Postdoc,0,USD,0,DE,0,DE,M
2023,EN,PT,Student Assistant: Energy Data Analysis & Modelling,0,USD,0,DE,50,DE,M
2023,EN,PT,Softwareentwicklung Data Science,0,USD,0,DE,50,DE,M
2023,EN,FT,Data Scientist,0,USD,0,DE,50,DE,M
2023,EN,FT,Data Science Interns,0,USD,0,DE,50,DE,M
2023,EN,FT,Duales Masterprogramm im Bereich Data Science &amp; Big Data Analytics,0,USD,0,DE,0,DE,M
2023,SE,FT,Tech Lead Data Science and Engineering,0,USD,0,DE,50,DE,M
2023,EN,PT,Working Student - Machine Learning,0,USD,0,DE,50,DE,M
2023,SE,FT,Data Science Expert,0,USD,0,DE,50,DE,M
2023,EN,PT,Werkstudent: Data Science & Project Management Office,0,USD,0,DE,100,DE,M
2023,EN,CT,Pflichtpraktikant Digitalisierung - Data Science und Machine Learning,0,USD,0,DE,0,DE,M
2023,EN,PT,Werkstudent Data Science im Bereich Data Services,0,USD,0,DE,0,DE,M
2023,EN,PT,IT Data Science / ML Engineering,0,USD,0,DE,50,DE,M
2023,EN,CT,Data Scientist,0,USD,0,DE,50,DE,M
2023,SE,FT,Manager für Data Science & Artificial Intelligence,0,USD,0,DE,0,DE,M
2023,MI,FT,AI/Machine Learning Engineer,0,USD,0,DE,50,DE,M
2023,EN,FT,Data Engineer for eCommerce,0,USD,0,DE,100,DE,M
2023,EN,PT,Academic research assistant,0,USD,0,DE,0,DE,M
2023,SE,FT,Data Scientist,0,USD,0,DE,50,DE,M
2023,SE,FT,AI Entwickler / Machine Learning Engineer / Data Scientist,0,USD,0,DE,100,DE,M
2023,SE,FT,Software Engineer - Medical Data & Video Science,0,USD,0,DE,50,DE,M
2023,EN,FT,Consultant Data Science,0,USD,0,DE,100,DE,M
2023,EN,FT,Data Scientist,0,USD,0,DE,50,DE,M
2023,EN,PT,Working Student Data Analyst,0,USD,0,DE,0,DE,M
2023,EN,FT,Trainee Data Scientist,0,USD,0,DE,50,DE,M
2023,EN,PT,Big Data & AI,0,USD,0,DE,50,DE,M
2023,SE,FT,Team Lead Data Science & Analytics,0,USD,0,DE,100,DE,M
2023,SE,FT,Data Governance Engineer MedTech,0,USD,0,DE,50,DE,M
2023,EN,CT,Desktop Support Lead,0,USD,0,DE,0,DE,M
2023,MI,FT,Materials Science and Technology Support Scientist,0,USD,0,DE,0,DE,M
2023,SE,FT,Data Scientist - AI & Analytics,0,USD,0,DE,100,DE,M
2023,EN,FT,Data Analytics Product Owner - International Big Data,0,USD,0,DE,40,DE,M
2023,SE,FT,Lead Data Scientist,0,USD,0,DE,0,DE,M
2023,EN,FT,Data Scientist,0,USD,0,DE,0,DE,M
2023,EN,FT,Machine Learning Engineer,0,USD,0,DE,50,DE,M
2023,MI,FT,Business & Data Analyst,0,USD,0,DE,100,DE,M
2023,SE,FT,Data Scientist,0,USD,0,DE,60,DE,M
2023,EN,FT,Supply Chain Data Analyst,0,USD,0,DE,25,DE,M
2023,EN,PT,Computer Vision and 3D Scanning Intern,0,USD,0,DE,0,DE,M
2023,MI,FT,Consultant Data Science - Production Analytics,0,USD,0,DE,0,DE,M
2023,SE,FT,Consultant im Bereich Data Science,0,USD,0,DE,50,DE,M
2023,MI,FT,MLOps Engineer,0,USD,0,DE,50,DE,M
2023,EN,PT,Werkstudent Data Science,0,USD,0,DE,0,DE,M
2023,EN,PT,Data Scientist,0,USD,0,DE,0,DE,M
2023,MI,FT,Data Scientist,0,USD,0,DE,50,DE,M
2023,EN,FT,Claims Data Consultant,0,USD,0,DE,50,DE,M
2023,SE,FT,BI Analyst,0,USD,0,DE,50,DE,M
2023,EN,FT,Competitive Intelligence Analyst,0,USD,0,DE,100,DE,M
2023,EN,FT,Research Scientists and Engineers - Machine Learning to Model Biomolecules,0,USD,0,DE,50,DE,M
2023,MI,FT,Machine learning engineer,0,USD,0,DE,100,DE,M
2023,SE,FT,Sr. Data Engineer,0,USD,0,DE,100,DE,M
2023,MI,FT,Machine Learning Engineer,0,USD,0,DE,100,DE,M
2023,SE,FT,Data Scientist,0,USD,0,DE,100,DE,M
2023,EN,PT,Data Scientist - Strategie Analytics,0,USD,0,DE,0,DE,M
2023,SE,FT,AI Engineer for Autonomous Driving,0,USD,0,DE,50,DE,M
2023,MI,FT,Molecular Biology Scientist,0,USD,0,DE,50,DE,M
2023,EN,FT,Data Scientist,0,USD,0,DE,0,DE,M
2023,EN,PT,Student Intern Master Data Management,0,USD,0,DE,0,DE,M
2023,EN,FT,Product Internship,0,USD,0,DE,50,DE,M
2023,EN,FT,IT Graduate Program 2023,0,USD,0,DE,40,DE,M
2023,SE,FT,PHY Systems Engineer Simulations,0,USD,0,DE,50,DE,M
2023,SE,FT,Data Engineer,0,USD,0,DE,50,DE,M
2023,MI,FT,R&D Engineer Deep Learning,0,USD,0,DE,50,DE,M
2023,EN,FT,Research Scientist,0,USD,0,DE,100,DE,M
2023,EN,FT,Data scientist in clinical computational proteomics,0,USD,0,DE,0,DE,M
2023,EN,FT,Computer Scientist/Software Developer,0,USD,0,DE,0,DE,M
2023,EN,PT,Working Student Software Engineering - Generative AI Technology,0,USD,0,DE,50,DE,M
2023,EN,FT,PostDoc positions,0,USD,0,DE,100,DE,M
2023,EN,FT,Big Data Engineer / Data Science Engineer,0,USD,0,DE,100,DE,M
2023,MI,FT,Software Engineer,0,USD,0,DE,50,DE,M
2023,MI,FT,Computer Vision Engineer - Focus on Lidar and Radar Systems,0,USD,0,DE,50,DE,M
2023,EN,FT,Medical Data Scientist,0,USD,0,DE,100,DE,M
2023,SE,FT,Master's thesis Computer Vision/LiDAR,0,USD,0,DE,50,DE,M
2023,EN,FT,Data Scientist,0,USD,0,DE,50,DE,M
2023,MI,FT,Data Scientist,0,USD,0,DE,100,DE,M
2023,EN,FT,Co-Founder & AI Developer,0,USD,0,DE,0,DE,M
2023,EN,FT,Data Engineer,0,USD,0,DE,50,DE,M
2023,EN,FT,Data Analytics bei Corporate Audit,0,USD,0,DE,0,DE,M
2023,EN,PT,Werkstudent im Bereich Data Science and Data Engineering,0,USD,0,DE,50,DE,M
2023,EN,CT,Camera-lidar self-calibration,0,USD,0,DE,0,DE,M
2023,MI,FT,Data Scientist,0,USD,0,DE,100,DE,M
2023,MI,FT,Software Engineer with focus on Data Science Solutions,0,USD,0,DE,100,DE,M
2023,EN,FT,Educational Data Scientist,0,USD,0,DE,50,DE,M
2023,EN,CT,PhD Researcher,0,USD,0,DE,0,DE,M
2023,SE,FT,Data Scientist,0,USD,0,DE,0,DE,M
2023,EN,FT,Python Developer,0,USD,0,DE,50,DE,M
2023,EN,FT,Product Quality Chemist,0,USD,0,DE,50,DE,M
2023,SE,FT,Data Scientist,0,USD,0,DE,50,DE,M
2023,SE,PT,Data Scientist * Künstliche Intelligenz / Machine Learning,0,USD,0,DE,100,DE,M
2023,MI,FL,Machine Learning Engineer / Data Scientist,0,USD,0,DE,50,DE,M
2023,EN,FT,Data Engineer,0,USD,0,DE,100,DE,M
2023,EN,PT,Werkstudent IT Data Analytics & Business Intelligence,0,USD,0,DE,0,DE,M
2023,EN,FT,Postdoc in bioinformatics/scRNAseq data analysis,0,USD,0,DE,0,DE,M
2023,EN,CT,Data Scientist Pharmaceuticals,0,USD,0,DE,50,DE,M
2023,EN,FT,Data Strategy Consultant - Munich,0,USD,0,DE,50,DE,M
2023,EN,FT,Data Scientist,0,USD,0,DE,100,DE,M
2023,EN,FT,Domain Adaptation Lidar,0,USD,0,DE,0,DE,M
2023,EN,FT,Data Scientist,0,USD,0,DE,100,DE,M
2023,MI,FT,Product Manager - Verticals and Placements,0,USD,0,DE,80,DE,M
2023,SE,FT,Consultant Data Fabric,0,USD,0,DE,50,DE,M
2023,EN,FT,Geographic Information Systems Officer and Developer,0,USD,0,DE,50,DE,M
2023,EN,FT,Data Science in Digital Transformation,0,USD,0,DE,0,DE,M
2023,EN,FT,Masterand im Bereich Data Science - EoL für Leistungselektronik,0,USD,0,DE,50,DE,M
2023,EN,PT,Working student Software Engineering,0,USD,0,DE,0,DE,M
2023,SE,FT,Software Developer - Scientific Payload Processing,0,USD,0,DE,50,DE,M
2023,SE,FT,Data Scientist/ Machine Learning Expert,0,USD,0,DE,0,DE,M
2023,SE,FT,Data Scientist,0,USD,0,DE,50,DE,M
2023,SE,FT,Team Lead Tech & Data Engineering,0,USD,0,DE,80,DE,M
2023,EN,PT,Werkstudent:in Data Science,0,USD,0,DE,50,DE,M
2023,EN,FT,Data Architect,0,USD,0,DE,50,DE,M
2023,EN,FT,Audit Data Scientist,0,USD,0,DE,100,DE,M
2023,MI,PT,Data Scientist,0,USD,0,DE,30,DE,M
2023,SE,FT,Threat Analytics Data Scientist,0,USD,0,DE,50,DE,M
2023,SE,FT,Data Engineer,0,USD,0,DE,50,DE,M
2023,SE,FL,Data Scientist/Machine Learning Engineer,0,USD,0,DE,100,DE,M
2023,EN,FT,Data Scientist,0,USD,0,DE,100,DE,M
2023,EN,FT,Clinical Programmer/Data Analyst,0,USD,0,DE,100,DE,M
2023,EN,FT,Machine Learning Technology Manager,0,USD,0,DE,0,DE,M
2023,SE,FT,Data Science Engineer,0,USD,0,DE,50,DE,M
2023,EN,PT,Werkstudent im Bereich Data Science,0,USD,0,DE,0,DE,M
2023,EN,PT,Internship in IT Full Stack Development/Data Science/Data Engineering/Machine Learning,0,USD,0,DE,0,DE,M
2023,SE,FT,Bioinformatician,0,USD,0,DE,50,DE,M
2023,EN,PT,Master Thesis Efficient Data Preparation for ML Pipelines,0,USD,0,DE,0,DE,M
2023,EN,PT,PhD Candidate,0,USD,0,DE,100,DE,M
2023,SE,FT,Data Scientist,0,USD,0,DE,100,DE,M
2023,EN,FT,Research Assistant - Neuroinflammation,0,USD,0,DE,0,DE,M
2023,EN,PT,Werkstudent Data Engineering/Data Science,0,USD,0,DE,0,DE,M
2023,EX,FT,Data Engineer,0,USD,0,DE,50,DE,M
2023,EN,PT,Data Scientist,0,USD,0,DE,50,DE,M
2023,MI,FT,Mathematiker Data Science,0,USD,0,DE,50,DE,M
2023,EN,FT,Data Strategist,0,USD,0,DE,50,DE,M
2023,SE,FT,Software Engineer Data Analytics - Cloud,0,USD,0,DE,50,DE,M
2023,EN,FT,Computer Vision & Software Engineer,0,USD,0,DE,50,DE,M
2023,MI,FT,Data Analyst,0,USD,0,DE,40,DE,M
2023,EN,FT,Data Science,0,USD,0,DE,0,DE,M
2023,SE,FT,Data Analyst (BI & Data Science),0,USD,0,DE,50,DE,M
2023,EN,CT,Student im Bereich Data Science,0,USD,0,DE,50,DE,M
2023,EN,FT,PhD and Postdoc Positions in Cell Biology Neurobiology and Informatics,0,USD,0,DE,50,DE,M
2023,EN,FT,Data Science Werkstudent im Bereich Offshore Wind,0,USD,0,DE,50,DE,M
2023,SE,FT,Data Engineer,0,USD,0,DE,100,DE,M
2023,MI,FT,Data Engineer,0,USD,0,DE,100,DE,M
2023,SE,FT,Statistician/Data Scientist,0,USD,0,DE,0,DE,M
2023,EN,PT,Research Fellow for a project on “Responsible Algorithms” ,0,USD,0,DE,0,DE,M
2023,SE,FT,Data Scientist,0,USD,0,DE,50,DE,M
2023,SE,FT,Network Engineer,0,USD,0,DE,0,DE,M
2023,SE,FT,Data Analyst,0,USD,0,DE,50,DE,M
2023,SE,FT,Data Engineer,0,USD,0,DE,50,DE,M
2023,SE,FT,Head of Data Science,0,USD,0,DE,50,DE,M
2023,EN,FT,Consultant Data Science & Business Intelligence / Banking,0,USD,0,DE,50,DE,M
2023,SE,FT,Sr. Data Scientist- Search and Recommendation,0,USD,0,DE,100,DE,M
2023,EN,PT,International Fellow with Focus on Water Policy,0,USD,0,DE,0,DE,M
2023,SE,FT,Data Engineer,0,USD,0,DE,0,DE,M
2023,SE,FT,Business Intelligence/Data Analyst,0,USD,0,DE,60,DE,M
2023,EN,FT,Consultant Data Science,0,USD,0,DE,50,DE,M
2023,EN,FT,Intern for Data Analytics / Data Science at Innovation Think Tank,0,USD,0,DE,60,DE,M
2023,SE,FT,Lead Data Science,0,USD,0,DE,100,DE,M
2023,EN,FT,Data Scientist,0,USD,0,DE,50,DE,M
2023,EN,PT,Student Research Assistant - Online Experiments on AI and Culture,0,USD,0,DE,100,DE,M
2023,EN,FT,PhD Position in Mineral Crystallization,0,USD,0,DE,0,DE,M
2023,EX,FT,Data Analyst,0,USD,0,DE,50,DE,M
2023,EN,FT,Research Scientist,0,USD,0,DE,100,DE,M
2023,SE,FT,Data Scientist,0,USD,0,DE,50,DE,M
2023,EX,FT,AI-Engineer,0,USD,0,DE,50,DE,M
2023,EN,PT,Werkstudent Data Science / Data Analytics,0,USD,0,DE,50,DE,M
2023,MI,FT,Data Scientist,0,USD,0,DE,0,DE,M
2023,EN,CT,Research Associate,0,USD,0,DE,0,DE,M
2023,SE,FT,Data Scientist,0,USD,0,DE,60,DE,M
2023,EN,PT,Data Analyst,0,USD,0,DE,50,DE,M
2023,EN,FT,Research Coordinator / Thematic Specialist,0,USD,0,DE,0,DE,M
2023,EN,FT,Data Scientist,0,USD,0,DE,100,DE,M
2023,EN,FT,Scientific Computing Engineer,0,USD,0,DE,50,DE,M
2023,SE,FT,Data Scientist/ Analytics Expert,0,USD,0,DE,0,DE,M
2023,EN,PT,Praktikant Softwareentwicklung,0,USD,0,DE,50,DE,M
2023,SE,FT,Audio Data Engineer,0,USD,0,DE,50,DE,M
2023,SE,FT,Global Head Data & Analytics Platform,0,USD,0,DE,0,DE,M
2023,EN,FT,Auszubildende - Fachinformatiker/in - Fachrichtung Anwendungsentwicklung,0,USD,0,DE,0,DE,M
2023,SE,FT,Data Scientist for Factory Digital Twins,0,USD,0,DE,50,DE,M
2023,SE,FT,Berater:in Data Science mit Fokus Advanced Analytics & AI,0,USD,0,DE,50,DE,M
2023,MI,FT,NLP Scientist,0,USD,0,DE,50,DE,M
2023,SE,FT,Software QA Engineer,0,USD,0,DE,50,DE,M
2023,EN,FL,Data Scientist w/ Back-End Development Experience,0,USD,0,DE,100,DE,M
2023,SE,FT,Data Scientist,0,USD,0,DE,0,DE,M
2023,EN,PT,Research Associate / PhD student / Postdoc,0,USD,0,DE,0,DE,M
2023,SE,FT,Software Engineer,0,USD,0,DE,100,DE,M
2023,EN,FT,Praktikant im Bereich Digital Transformation - Data Analytics / Data Science,0,USD,0,DE,0,DE,M
2023,EN,FT,Algorithm Developer,0,USD,0,DE,50,DE,M
2023,SE,FT,Machine Learning & Data Engineer or Developer,0,USD,0,DE,50,DE,M
2023,SE,FT,Data Scientist,0,USD,0,DE,50,DE,M
2023,SE,FT,Project Manager,0,USD,0,DE,0,DE,M
2023,SE,FT,Data Analytics & Visualization Engineer,0,USD,0,DE,100,DE,M
2023,EN,PT,Advanced Data Analytics Intern / Working Student,0,USD,0,DE,50,DE,M
2023,SE,FT,Data Engineer (Machine Learning),0,USD,0,DE,100,DE,M
2023,EN,CT,Data Scientist,0,USD,0,DE,50,DE,M
2023,SE,FT,Data Analyst - Product,0,USD,0,DE,100,DE,M
2023,EN,FT,Praktikant / Werkstudent,0,USD,0,DE,100,DE,M
2023,EN,FT,Wissenschaftliche Mitarbeiterin bzw. Wissenschaftlicher Mitarbeiter,0,USD,0,DE,0,DE,M
2023,SE,FT,Data Engineer,0,USD,0,DE,50,DE,M
2023,EN,FT,Biostatistician / Data Scientist,0,USD,0,DE,0,DE,M
2023,EN,FT,Backend Development - IIoT / Data Engineering,0,USD,0,DE,50,DE,M
2023,EX,PT,Research Associate/Post-Doc for data analysis in correlative microscopy,0,USD,0,DE,0,DE,M
2023,EN,FT,Data Analyst,0,USD,0,DE,50,DE,M
2023,EN,FT,Data Product Manager,0,USD,0,DE,100,DE,M
2023,SE,FT,Software Developer for Eurodrone Ground Mission System,0,USD,0,DE,50,DE,M
2023,EN,FT,Data Scientist,0,USD,0,DE,0,DE,M
2023,EX,FT,MR Scientist,0,USD,0,DE,50,DE,M
2023,EN,FT,Software Developer,0,USD,0,DE,0,DE,M
2023,SE,FT,Backend Engineer,0,USD,0,DE,50,DE,M
2023,EN,FT,Smart Process Developer,0,USD,0,DE,50,DE,M
2023,EN,PT,Data Scientist,0,USD,0,DE,50,DE,M
2023,SE,FT,Web Developer im Bereich Data Science,0,USD,0,DE,50,DE,M
2023,EN,FT,Data Scientist,0,USD,0,DE,50,DE,M
2023,SE,FT,Data Engineer - Core Data Engineering,0,USD,0,DE,50,DE,M
2023,SE,FT,Software Engineer Calibration,0,USD,0,DE,50,DE,M
2023,EN,FT,PhD position in Tumor Immunology meets Surgical Data Science,0,USD,0,DE,0,DE,M
2023,SE,FT,Software Development Engineer C++ for 3D/Computer Vision,0,USD,0,DE,0,DE,M
2023,SE,FT,Data Engineer,0,USD,0,DE,100,DE,M
2023,EN,FT,High-Performance Computing Data Scientist,0,USD,0,DE,50,DE,M
2023,SE,FT,Clinical Data Manager,0,USD,0,DE,100,DE,M
2023,SE,FT,Consultant Data Science & Machine Learning NLP,0,USD,0,DE,0,DE,M
2023,MI,FT,Data Scientist mit Schwerpunkt Softwareentwicklung,0,USD,0,DE,100,DE,M
2023,EN,PT,Software Developer,0,USD,0,DE,0,DE,M
2023,MI,FT,Data Analyst,0,USD,0,DE,100,DE,M
2023,MI,FT,Softwareentwickler / Data Scientist,0,USD,0,DE,0,DE,M
2023,SE,FT,Data Scientist with focus NGS / Bioinformatics,0,USD,0,DE,40,DE,M
2023,EN,CT,PhD Position,0,USD,0,DE,0,DE,M
2023,MI,FT,Business Analyst,0,USD,0,DE,50,DE,M
2023,EN,PT,PhD position in Health Impacts of Flooding,0,USD,0,DE,50,DE,M
2023,EN,FT,Consultant KI / Data Analyst,0,USD,0,DE,100,DE,M
2023,EN,FT,Data Scientist,0,USD,0,DE,60,DE,M
2023,EN,FT,Data Engineer,0,USD,0,DE,100,DE,M
2023,EN,FL,Data Science im Supply Chain Management,0,USD,0,DE,0,DE,M
2023,EN,FT,Data Analyst,0,USD,0,DE,100,DE,M
2023,SE,FT,Data Engineer,0,USD,0,DE,50,DE,M
2023,SE,FT,Data Engineer,0,USD,0,DE,100,DE,M
2023,EN,PT,Data Scientist,0,USD,0,DE,50,DE,M
2023,SE,FT,Data Scientist,0,USD,0,DE,100,DE,M
2023,EN,FT,Data Science Consultant,0,USD,0,DE,70,DE,M
2023,MI,FT,Master's Thesis on Multi-dimensional Classification,0,USD,0,DE,0,DE,M
2023,SE,FT,Doktorandin / Doktorand zum Thema Data Science & Analytics,0,USD,0,DE,0,DE,M
2023,EN,FT,Data Scientist,0,USD,0,DE,0,DE,M
2023,SE,CT,Implementierung innovativer Data Analytics-Methoden im Anlaufmanagement am Standort Zuffenhausen,0,USD,0,DE,50,DE,M
2023,EN,FT,Praktikant / Werkstudent für Data Analytics,0,USD,0,DE,100,DE,M
2023,SE,FT,Engineering Manager (Data Engineering),0,USD,0,DE,50,DE,M
2023,SE,FL,Data Scientist,0,USD,0,DE,100,DE,M
2023,EN,PT,MACHINE LEARNING / DATA ENGINEER,0,USD,0,DE,50,DE,M
2023,SE,FL,Data Engineer,0,USD,0,DE,100,DE,M
2023,EN,FT,Learning Text-Video Embedding for In-Cabin Situation Analysis,0,USD,0,DE,0,DE,M
2023,SE,FT,Technology Consultant - Data Science & Analytics,0,USD,0,DE,0,DE,M
2023,EX,CT,Master Thesis - Named Data Networking for Mobile IIoT Environments,0,USD,0,DE,0,DE,M
2023,SE,FT,Data Scientist / Researcher,0,USD,0,DE,50,DE,M
2023,SE,FT,Data Scientist,0,USD,0,DE,50,DE,M
2023,EN,FT,Data Scientist / Data Analyst,0,USD,0,DE,50,DE,M
2023,SE,FT,Data Scientist,0,USD,0,DE,100,DE,M
2023,EN,FT,Praktikant Data Science,0,USD,0,DE,50,DE,M
2023,EN,FT,Data Analyst bei Media Market Insights - remote möglich,0,USD,0,DE,50,DE,M
2023,EN,FT,Data Scientist,0,USD,0,DE,50,DE,M
2023,EN,PT,Working Student Software Development - Cyber Security Startup,0,USD,0,DE,50,DE,M
2023,EN,PT,Data Scientist,0,USD,0,DE,50,DE,M
2023,EN,PT,PhD position in Health Impacts of Flooding,0,USD,0,DE,50,DE,M
2023,EN,FT,PhD position in Tumor Immunology meets Surgical Data Science,0,USD,0,DE,50,DE,M
2023,MI,FT,Smart Process Development (AI / machine learning),0,USD,0,DE,0,DE,M
2023,EN,PT,Wissenschaftler*in (Stallklima- und Emissionsmodellierung),0,USD,0,DE,0,DE,M
2023,EN,CT,Data Scientist,0,USD,0,DE,100,DE,M
2023,MI,FT,Data Scientist mit Schwerpunkt Softwareentwicklung,0,USD,0,DE,100,DE,M
2023,EN,FT,UX Researcher,0,USD,0,DE,50,DE,M
2023,MI,PT,Doctoral Research Associate,0,USD,0,DE,0,DE,M
2023,EN,CT,Koordinator/in Abteilung Informatik und Data Science,0,USD,0,DE,0,DE,M
2023,EN,CT,PhD Position,0,USD,0,DE,0,DE,M
2023,SE,FT,Data Scientist,0,USD,0,DE,50,DE,M
2023,SE,FT,Data Engineer,0,USD,0,DE,100,DE,M
2023,SE,FT,Principal Business Systems Analyst (Business Intelligence Reporting/Data Analytics),0,USD,0,DE,20,DE,M
2023,EN,PT,MACHINE LEARNING / DATA ENGINEER,0,USD,0,DE,50,DE,M
2023,EN,FT,Thesis Natural Language Processing,0,USD,0,DE,50,DE,M
2023,MI,FT,Bioinformatics/Data Scientist,0,USD,0,DE,50,DE,M
2023,SE,FT,Group Product Manager - Data,0,USD,0,DE,50,DE,M
2023,SE,FT,Data Engineer,0,USD,0,DE,50,DE,M
2023,EN,CT,Abschlussarbeit - Data Science im Supply Chain Management,0,USD,0,DE,0,DE,M
2023,SE,FT,AI Developer Technology Engineer,0,USD,0,DE,25,DE,M
2023,MI,FT,Data Scientist / Data Analyst,0,USD,0,DE,50,DE,M
2023,EN,FT,PflichtFT im Bereich Data Analytics / Data Science bei Innovation Think Tank,0,USD,0,DE,60,DE,M
2023,EN,FT,Data Scientist / Machine Learning,0,USD,0,DE,50,DE,M
2023,EN,FT,Frontend Developer,0,USD,0,DE,100,DE,M
2023,EN,FT,Internship/Thesis Data Analysis and Process Simulation/Optimization,0,USD,0,DE,0,DE,M
2023,EN,FT,Biostatistician / Data Scientist,0,USD,0,DE,50,DE,M
2023,EN,FT,Data Analyst Consulting,0,USD,0,DE,10,DE,M
2023,MI,FT,Data Professional - Analytics & AI - Expert Services,0,USD,0,DE,20,DE,M
2023,EN,PT,Working student Software Testing,0,USD,0,DE,50,DE,M
2023,EN,FT,Software Engineer,0,USD,0,DE,50,DE,M
2023,SE,FT,Penetration Tester,0,USD,0,DE,100,DE,M
2023,EN,PT,Working Student Federated Learning,0,USD,0,DE,50,DE,M
2023,MI,FT,Data Engineer / Data Translator,0,USD,0,DE,50,DE,M
2023,EN,FT,Ausbildung zum Fachinformatiker Anwendungsentwicklung,0,USD,0,DE,0,DE,M
2023,SE,FT,Data Engineer,0,USD,0,DE,100,DE,M
2023,MI,FT,Data/Business Analyst,0,USD,0,DE,50,DE,M
2023,SE,FL,Data Scientist,0,USD,0,DE,100,DE,M
2023,SE,FT,Principal Applied Scientist - optimisation,0,USD,0,DE,60,DE,M
2023,EN,FT,Fullstack-Entwickler,0,USD,0,DE,100,DE,M
2023,SE,FT,Data Scientist - Germany,0,USD,0,DE,50,DE,M
2023,EN,PT,Working Student IT,0,USD,0,DE,0,DE,M
2023,EN,PT,Werkstudent Data Science,0,USD,0,DE,50,DE,M
2023,EN,FT,Data Scientist - Statistical Forecast,0,USD,0,DE,0,DE,M
2023,SE,FT,Data Analyst,0,USD,0,DE,100,DE,M
2023,SE,FT,Data Scientist,0,USD,0,DE,100,DE,M
2023,EN,FT,Technical Product Manager - Data Models for Healthcare Organizations,0,USD,0,DE,100,DE,M
2023,EN,FT,Data Analyst,0,USD,0,DE,50,DE,M
2023,EN,FT,Applied Data Scientist,0,USD,0,DE,0,DE,M
2023,EN,FT,Data Scientist,0,USD,0,DE,50,DE,M
2023,EN,PT,Softwareentwickler,0,USD,0,DE,50,DE,M
2023,SE,FT,Data Scientist (Data Analytics Modeling),0,USD,0,DE,50,DE,M
2023,EN,FT,Machine Learning Engineer,0,USD,0,DE,0,DE,M
2023,EN,CT,Research Associate,0,USD,0,DE,0,DE,M
2023,MI,FT,Telescope engineer or scientist for CTA,0,USD,0,DE,50,DE,M
2023,SE,FT,Consultant Data Science - Process Intelligence,0,USD,0,DE,0,DE,M
2023,MI,PT,Product Owner - Focus: Data Products,0,USD,0,DE,50,DE,M
2023,SE,FT,Carbon Data Analyst,0,USD,0,DE,50,DE,M
2023,EN,FT,R Entwickler für Webanwendungen im Data Science Umfeld,0,USD,0,DE,0,DE,M
2023,SE,FT,Staff Data Engineer,0,USD,0,DE,50,DE,M
2023,SE,FT,Data Scientist Supply Chain Management,0,USD,0,DE,20,DE,M
2023,EX,FT,Customer Data Analyst,0,USD,0,DE,50,DE,M
2023,EN,FT,Research Scientist Neuroinflammation,0,USD,0,DE,0,DE,M
2023,EN,FT,PhD Position in Natural Language Processing,0,USD,0,DE,0,DE,M
2023,EN,FT,Trainee Data Analytics & Data Engineering & Controlling,0,USD,0,DE,0,DE,M
2023,EN,FT,Autonomous Systems Intern,0,USD,0,DE,50,DE,M
2023,MI,FT,PhD student,0,USD,0,DE,50,DE,M
2023,MI,FT,Network Analyst (Telecom),0,USD,0,DE,50,DE,M
2023,EN,FT,Research Associate for the Project “EPOC”,0,USD,0,DE,0,DE,M
2023,EN,PT,Working Student - IT Engineer,0,USD,0,DE,50,DE,M
2023,EN,FT,Werkstudent im Bereich Data Science / Data Engineering,0,USD,0,DE,50,DE,M
2023,SE,FT,Customer Data Analyst / Engineer,0,USD,0,DE,50,DE,M
2023,EN,FT,Fachinformatiker/in - Fachrichtung Systemintegration,0,USD,0,DE,50,DE,M
2023,EN,PT,Associate Data Scientist,0,USD,0,DE,50,DE,M
2023,SE,FT,Developer Artificial Intelligence & Data Science for Supply Chains,0,USD,0,DE,50,DE,M
2023,EN,FT,Webmaster,0,USD,0,DE,50,DE,M
2023,SE,FT,Expert Software Engineer Backend,0,USD,0,DE,75,DE,M
2023,EN,FT,Internship / Master Thesis - Bioprocess & Analytical Development / Modelling and Data Analysis,0,USD,0,DE,0,DE,M
2023,EN,FT,Research Scientist Neuroinflammation,0,USD,0,DE,0,DE,M
2023,EN,PT,Wissenschaftler*in Stallklima- und Emissionsmodellierung,0,USD,0,DE,0,DE,M
2023,EX,FT,Consultant Data Science - Process Intelligence,0,USD,0,DE,50,DE,M
2023,EN,FT,Data Engineer / Data Translator,0,USD,0,DE,0,DE,M
2023,SE,FT,Data Scientist,0,USD,0,DE,50,DE,M
2023,SE,FT,Data Scientist,0,USD,0,DE,40,DE,M
2023,SE,FT,Softwareentwickler / Data Scientist,0,USD,0,DE,0,DE,M
2023,SE,FT,Global Data Engineer,0,USD,0,DE,50,DE,M
2023,SE,FT,IT Consultant - Data Science,0,USD,0,DE,90,DE,M
2023,SE,FT,Data Scientist mit Schwerpunkt Softwareentwicklung,0,USD,0,DE,100,DE,M
2023,EN,FT,Customer Data Analyst / Engineer,0,USD,0,DE,100,DE,M
2023,EN,FT,Backend Engineer,0,USD,0,DE,100,DE,M
2023,EN,PT,Data Scientist,0,USD,0,DE,25,DE,M
2023,EN,FT,Data Scientist,0,USD,0,DE,50,DE,M
2023,SE,FT,Data Engineer for Sustainability,0,USD,0,DE,50,DE,M
2023,EN,FT,Praktikant Data Science,0,USD,0,DE,50,DE,M
2023,SE,FT,Consultant Generative AI,0,USD,0,DE,50,DE,M
2023,EN,FT,Data Scientist,0,USD,0,DE,50,DE,M
2023,SE,FT,AI-Engineer,0,USD,0,DE,50,DE,M
2023,EN,FT,Data Analyst Freight Management,0,USD,0,DE,0,DE,M
2023,MI,FT,Machine Learning Engineer,0,USD,0,DE,0,DE,M
2023,EN,FT,Data Engineer ERP BI,0,USD,0,DE,100,DE,M
2023,MI,FT,Doktorand/-in oder Post Doc in Data Science,0,USD,0,DE,0,DE,M
2023,EN,FT,Webmaster,0,USD,0,DE,50,DE,M
2023,SE,FT,Staff Data Engineer,0,USD,0,DE,50,DE,M
2023,EN,FT,Statistik/ Data Science,0,USD,0,DE,0,DE,M
2023,EN,CT,Bachelorand/Masterand,0,USD,0,DE,100,DE,M
2023,EN,FT,NLP & ML Researcher,0,USD,0,DE,100,DE,M
2023,MI,FT,Customer Data Analyst,0,USD,0,DE,50,DE,M
2023,EN,FT,PhD position in Tumor Immunology meets Surgical Data Science,0,USD,0,DE,0,DE,M
2023,EN,FT,Research Associate for the Project “EPOC”,0,USD,0,DE,25,DE,M
2023,SE,FT,Business Analyst,0,USD,0,DE,50,DE,M
2023,MI,FT,SAP S/4HANA Specialist & Data steward,0,USD,0,DE,50,DE,M
2023,EN,FT,Data Scientist,0,USD,0,DE,80,DE,M
2023,EN,FT,Trainee Data Analytics & Data Engineering & Controlling,0,USD,0,DE,0,DE,M
2023,SE,FT,Full-stack developer,0,USD,0,DE,50,DE,M
2023,MI,FT,Werkstudent im Bereich Data Science / Data Engineering,0,USD,0,DE,50,DE,M
2023,EN,FT,R Entwickler für Webanwendungen im Data Science Umfeld (w/m/d),0,USD,0,DE,50,DE,M
2023,EN,PT,Working Student - Software Development,0,USD,0,DE,50,DE,M
2023,EN,FT,Data Integration Manager,0,USD,0,DE,0,DE,M
2023,EN,FT,Algorithm Developer,0,USD,0,DE,0,DE,M
2023,MI,FT,Data Professional - Analytics & AI,0,USD,0,DE,50,DE,M
2023,SE,FT,AI Developer Technology Engineer,0,USD,0,DE,25,DE,M
2023,EN,FT,Data Analyst Consulting,0,USD,0,DE,10,DE,M
2023,SE,FT,Customer Success Manager - Test IO,0,USD,0,DE,50,DE,M
2023,EN,FT,Data Scientist,0,USD,0,DE,0,DE,M
2023,SE,FT,Data Scientist (Data Analytics Modeling),0,USD,0,DE,100,DE,M
2023,EN,FT,Business Analyst Dealer Integration,0,USD,0,DE,0,DE,M
2023,SE,FT,Medical Expert / Physician,0,USD,0,DE,50,DE,M
2023,SE,FT,Data Science & Artificial Intelligence im Bereich Banken & Financial Services,0,USD,0,DE,50,DE,M
2023,EN,CT,PhD Position in Process Mining at Hasso Plattner Institute,0,USD,0,DE,50,DE,M
2023,EN,FT,Data Analytics Engineer,0,USD,0,DE,50,DE,M
2023,SE,FT,Salesforce Software Engineer,0,USD,0,DE,50,DE,M
2023,EN,PT,Werkstudent Data Science im Bereich IT,0,USD,0,DE,100,DE,M
2023,SE,FT,Data Engineering Consultant,0,USD,0,DE,50,DE,M
2023,EN,PT,Research Assistant,0,USD,0,DE,0,DE,M
2023,SE,FT,Developer Artificial Intelligence & Data Science for Supply Chains,0,USD,0,DE,50,DE,M
2023,EN,FT,Data Scientist - Vertriebsmodelle,0,USD,0,DE,50,DE,M
2023,EN,PT,Student Assistant for Processing GNSS Data,0,USD,0,DE,50,DE,M
2023,EN,FT,Bell Labs Summer Intern,0,USD,0,DE,50,DE,M
2023,SE,FT,Machine Learning Engineer - Video Analysis,0,USD,0,DE,50,DE,M
2023,EN,FT,Global Member Services Analytics Intern,0,USD,0,DE,50,DE,M
2023,SE,FT,Staff Software Engineer - AMO,0,USD,0,DE,100,DE,M
2023,SE,FT,Data Scientist,0,USD,0,DE,100,DE,M
2023,SE,FT,Azure Data Engineer,0,USD,0,DE,75,DE,M
2023,SE,FT,Lead Data Engineer / Consultant,0,USD,0,DE,50,DE,M
2023,SE,FT,Embedded Software Developer,0,USD,0,DE,50,DE,M
2023,SE,FT,Quantitative Analyst,0,USD,0,DE,0,DE,M
2023,EN,FT,Praktikant Data Science,0,USD,0,DE,0,DE,M
2023,MI,FT,Machine Learning Engineer,0,USD,0,DE,0,DE,M
2023,MI,FT,AI software developer,0,USD,0,DE,50,DE,M
2023,SE,FT,Data Center Technician,0,USD,0,DE,0,DE,M
2023,EN,FT,Auszubildende - Fachinformatiker/in - Fachrichtung Systemintegration,0,USD,0,DE,0,DE,M
2023,SE,FT,Data Analyst eCommerce & Customer Journey,0,USD,0,DE,100,DE,M
2023,SE,FT,Data Scientist,0,USD,0,DE,50,DE,M
2023,SE,FT,Lead Data Engineer,0,USD,0,DE,50,DE,M
2023,EN,FT,IT Internship,0,USD,0,DE,50,DE,M
2023,SE,FT,Postdoc,0,USD,0,DE,0,DE,M
2023,SE,FT,Data Analyst,0,USD,0,DE,50,DE,M
2023,EN,CT,Koordinator/in Abteilung Informatik und Data Science,0,USD,0,DE,0,DE,M
2023,SE,FT,Data Scientist - Vehicle Data & Services,0,USD,0,DE,100,DE,M
2023,SE,FT,Software Engineer- Intermediary,0,USD,0,DE,100,DE,M
2023,SE,FT,Software Engineer,0,USD,0,DE,50,DE,M
2023,SE,FT,Doktorand / Post-Doc,0,USD,0,DE,0,DE,M
2023,SE,FT,Developer - Data Architecture & Governance,0,USD,0,DE,50,DE,M
2023,EN,FT,Software Developer,0,USD,0,DE,100,DE,M
2023,SE,FT,MS Data Analyst: Power BI,0,USD,0,DE,50,DE,M
2023,EN,FT,QA Engineer,0,USD,0,DE,0,DE,M
2023,EN,FT,Proteomics data scientist,0,USD,0,DE,20,DE,M
2023,SE,FT,Data Scientist,0,USD,0,DE,0,DE,M
2023,EN,FT,Working Student - Software Engineering,0,USD,0,DE,50,DE,M
2023,EN,FT,Early career bioinformatician,0,USD,0,DE,0,DE,M
2023,MI,FT,Quantitative Risk Analyst,0,USD,0,DE,100,DE,M
2023,MI,FT,Co-Founder / Machine Learning Engineer,0,USD,0,DE,0,DE,M
2023,SE,FT,Backend Developer,0,USD,0,DE,50,DE,M
2023,SE,FT,Data Scientist - Industrie 4.0 & IIoT,0,USD,0,DE,50,DE,M
2023,SE,FT,Software-Entwickler Data Science,0,USD,0,DE,50,DE,M
2023,SE,FT,Data Scientist - Commercial Excellence,0,USD,0,DE,50,DE,M
2023,EN,CT,Working Student - IT Engineer,0,USD,0,DE,50,DE,M
2023,EN,FT,IT Support / Helpdesk,0,USD,0,DE,50,DE,M
2023,SE,FT,Data Engineer,0,USD,0,DE,50,DE,M
2023,EN,FT,Software Developer,0,USD,0,DE,0,DE,M
2023,EN,FT,Post-doctoral Researcher - Rewilding Indicators and Scenarios,0,USD,0,DE,100,DE,M
2023,SE,FT,Polymer Electrolyte / Battery Scientist,0,USD,0,DE,50,DE,M
2023,EN,FT,Cloud Engineer,0,USD,0,DE,60,DE,M
2023,EN,FT,Internship CRM Master Data Management,0,USD,0,DE,40,DE,M
2023,EN,FT,Data Scientist & Machine Learning Engineer,0,USD,0,DE,50,DE,M
2023,EN,FT,Trainee Quantitative Models and Data Analytics,0,USD,0,DE,0,DE,M
2023,EN,FT,Research Assistant,0,USD,0,DE,50,DE,M
2023,SE,FT,Data Scientist,0,USD,0,DE,100,DE,M
2023,MI,FT,Associate Study Manager,0,USD,0,DE,0,DE,M
2023,SE,FT,Data Scientist,0,USD,0,DE,100,DE,M
2023,SE,FT,Consultant Data Engineering / Data Science,0,USD,0,DE,50,DE,M
2023,MI,FT,Machine Learning Engineer,0,USD,0,DE,50,DE,M
2023,EN,PT,Working Student - Angular Development for AI Systems,0,USD,0,DE,50,DE,M
2023,EN,FT,AI Engineer,0,USD,0,DE,50,DE,M
2023,MI,FT,Applied Scientist II - Search Navigation,0,USD,0,DE,50,DE,M
2023,SE,FT,Product Manager - AI Integration - Medical Device Software Solutions,0,USD,0,DE,50,DE,M
2023,EN,FT,Consultant Artificial Intelligence,0,USD,0,DE,100,DE,M
2023,EN,CT,PhD student,0,USD,0,DE,0,DE,M
2023,MI,FT,Associate Scientist - Kit and Assay Verification,0,USD,0,DE,0,DE,M
2023,EN,FT,Master Thesis Performance Evaluation of a 6G UAM Connected Sensor Fusion System,0,USD,0,DE,50,DE,M
2023,EN,FT,Data Scientist Natural Language Processing,0,USD,0,DE,100,DE,M
2023,EN,FT,Praktikant im Bereich Production Data Analytics,0,USD,0,DE,0,DE,M
2023,EN,FT,Biostatistician,0,USD,0,DE,100,DE,M
2023,SE,FT,Data Scientist - Supply Chain Optimization,0,USD,0,DE,100,DE,M
2023,EN,FT,Graduate Data Analyst,0,USD,0,DE,0,DE,M
2023,EN,FT,Manager Data Analytics,0,USD,0,DE,50,DE,M
2023,EN,FT,Internship in Computer Science,0,USD,0,DE,50,DE,M
2023,SE,FT,Data Engineer,0,USD,0,DE,50,DE,M
2023,EN,FT,PhD Molecular Biology,0,USD,0,DE,0,DE,M
2023,SE,FT,Data Engineer,0,USD,0,DE,100,DE,M
2023,SE,FT,EY-Parthenon Consultant - Data Science - Corporate & Growth Strategy,0,USD,0,DE,50,DE,M
2023,SE,FL,Interdisciplinary PhD Positions,0,USD,0,DE,0,DE,M
2023,EN,PT,Full Stack & Data Visualization Developer,0,USD,0,DE,0,DE,M
2023,SE,FT,Data Scientist,0,USD,0,DE,40,DE,M
2023,EN,FT,Process Quality Engineer,0,USD,0,DE,50,DE,M
2023,SE,FT,Data Platform Engineer - Veeva Link,0,USD,0,DE,100,DE,M
2023,SE,FT,Lead Product Owner - Data Science / Machine Learning,0,USD,0,DE,50,DE,M
2023,SE,FT,Team Lead Business Analytics - Fashion Proposition,0,USD,0,DE,60,DE,M
2023,EN,FT,Software Developer Data Analytics,0,USD,0,DE,50,DE,M
2023,SE,FT,Principal Data Scientist,0,USD,0,DE,100,DE,M
2023,SE,FT,Software Engineer Query Processing Munich,0,USD,0,DE,50,DE,M
2023,SE,FT,Director Big Data Science,0,USD,0,DE,100,DE,M
2023,EN,FT,PhD Position for Pulse Sequence Programming and Image Reconstruction,0,USD,0,DE,0,DE,M
2023,EX,FT,Machine Learning Engineer,0,USD,0,DE,50,DE,M
2023,SE,FT,Business Analyst,0,USD,0,DE,50,DE,M
2023,SE,FT,Data Engineer,0,USD,0,DE,50,DE,M
2023,EX,FT,Research Associate / Postdoc,0,USD,0,DE,0,DE,M
2023,SE,FT,Beraterinnen und Berater Data Science Analytics & AI,0,USD,0,DE,100,DE,M
2023,SE,FT,Backend Engineer - C# .NET,0,USD,0,DE,50,DE,M
2023,MI,FT,Business Analyst - Business Processes and Data Management,0,USD,0,DE,0,DE,M
2023,MI,FT,Data Centre Engineer,0,USD,0,DE,50,DE,M
2023,SE,FT,Cloud Network Engineer,0,USD,0,DE,50,DE,M
2023,EN,PT,Werkstudent,0,USD,0,DE,0,DE,M
2023,SE,FT,Backend Engineer - Python,0,USD,0,DE,100,DE,M
2023,EN,PT,Data Scientists / Data Engineers,0,USD,0,DE,50,DE,M
2023,EN,FT,Consultant Data Engineering,0,USD,0,DE,20,DE,M
2023,SE,FT,Manager Global Master Data Strategy,0,USD,0,DE,50,DE,M
2023,MI,FT,Machine Learning Engineer,0,USD,0,DE,80,DE,M
2023,EN,FT,Software Engineering Working Student/Internship,0,USD,0,DE,0,DE,M
2023,EN,FT,Specialist Data Science & Webanalytics,0,USD,0,DE,50,DE,M
2023,MI,FT,Communication Protocols for Data Center Power Supplies,0,USD,0,DE,0,DE,M
2023,SE,FT,Quality Control Scientist,0,USD,0,DE,20,DE,M
2023,MI,FT,Software Engineer,0,USD,0,DE,50,DE,M
2023,SE,FT,Software Engineer,0,USD,0,DE,100,DE,M
2023,EN,FT,Technical Product Owner,0,USD,0,DE,50,DE,M
2023,SE,FT,Data Scientist/ Analytics Expert,0,USD,0,DE,0,DE,M
2023,MI,FT,Assistant CRA,0,USD,0,DE,100,DE,M
2023,EN,CT,PhD student,0,USD,0,DE,0,DE,M
2023,EN,FT,PhD Student or Postdoc,0,USD,0,DE,0,DE,M
2023,EN,FT,Marketing Data Analyst,0,USD,0,DE,50,DE,M
2023,EN,PT,Data Scientist,0,USD,0,DE,50,DE,M
2023,EX,FT,Data Scientist,0,USD,0,DE,50,DE,M
2023,SE,FT,Data Scientist,0,USD,0,DE,50,DE,M
2023,EN,FT,Research Associate / PhD Student,0,USD,0,DE,0,DE,M
2023,EN,FT,Product Master Data Specialist,0,USD,0,DE,50,DE,M
2023,EN,FT,SQL Experte für Analytik und Performanceoptimierung,0,USD,0,DE,40,DE,M
2023,EN,FT,DATA SCIENTIST,0,USD,0,DE,50,DE,M
2023,SE,FT,Software Architect Ultrasound Software,0,USD,0,DE,50,DE,M
2023,SE,FT,Technician Lab Operation Support,0,USD,0,DE,25,DE,M
2023,EN,PT,Corporate Academy Student - Business Intelligence / Data Warehousing,0,USD,0,DE,0,DE,M
2023,SE,FT,Postdoc position “Statistical Foundations of Data Science”,0,USD,0,DE,0,DE,M
2023,EN,FT,Data Product Manager,0,USD,0,DE,50,DE,M
2023,SE,FT,Cellular Software Engineer,0,USD,0,DE,50,DE,M
2023,SE,FT,Data Scientist,0,USD,0,DE,50,DE,M
2023,EN,FT,Evaluation of Logistics Tracking Solutions,0,USD,0,DE,0,DE,M
2023,SE,FT,Data Analyst,0,USD,0,DE,50,DE,M
2023,SE,FT,DevOps for Biometric Devices,0,USD,0,DE,50,DE,M
2023,SE,FT,Lead Consultant Data Science & Machine Learning Public Sector,0,USD,0,DE,50,DE,M
2023,EN,PT,PhD candidate (Research on Properties of carbonate glasses at high pressure),0,USD,0,DE,0,DE,M
2023,SE,FT,Data Scientist - Web Security,0,USD,0,DE,100,DE,M
2023,EN,FT,Data Scientist,0,USD,0,DE,0,DE,M
2023,SE,FT,Lead Data Scientist,0,USD,0,DE,0,DE,M
2023,SE,FT,Data Analyst / Data Engineer,0,USD,0,DE,100,DE,M
2023,EN,FT,Software Engineer,0,USD,0,DE,20,DE,M
2023,EN,FT,Business Analyst DACH,0,USD,0,DE,100,DE,M
2023,SE,FT,Data Scientist in der Unfallforschung,0,USD,0,DE,50,DE,M
2023,SE,FT,Software Developer - Backend C++,0,USD,0,DE,40,DE,M
2023,EN,PT,PhD Student,0,USD,0,DE,100,DE,M
2023,SE,FT,Data Engineer,0,USD,0,DE,100,DE,M
2023,EN,FL,HochschulFT Informationstechnologie/Data Science in der Forschung & Entwicklung,0,USD,0,DE,50,DE,M
2023,EN,FT,Research Associate,0,USD,0,DE,0,DE,M
2023,SE,FT,Data Architect,0,USD,0,DE,60,DE,M
2023,SE,FT,IT Delivery Manager,0,USD,0,DE,50,DE,M
2023,EN,FT,Cloud Data Analyst,0,USD,0,DE,50,DE,M
2023,SE,FT,Machine Learning Engineer,0,USD,0,DE,100,DE,M
2023,EN,FT,Control Software Engineer,0,USD,0,DE,5,DE,M
2023,MI,FT,Power BI Developer & Data Engineer,0,USD,0,DE,50,DE,M
2023,EN,FT,Data Engineer,0,USD,0,DE,100,DE,M
2023,EN,FT,Data Scientist / Research Engineer,0,USD,0,DE,0,DE,M
2023,SE,FT,Data Engineer,0,USD,0,DE,50,DE,M
2023,SE,CT,Postdoc in the research area “Visual neuroscience and neurostimulation”,0,USD,0,DE,0,DE,M
2023,MI,FT,Infrastructure Engineer,0,USD,0,DE,40,DE,M
2023,EX,FT,IT-Administrator,0,USD,0,DE,50,DE,M
2023,SE,FT,Lead Data Scientist,0,USD,0,DE,50,DE,M
2023,EN,CT,Data Steward,0,USD,0,DE,0,DE,M
2023,SE,FT,Software Developer Image Processing,0,USD,0,DE,50,DE,M
2023,EN,FT,Data Management & Reporting Analyst,0,USD,0,DE,50,DE,M
2023,EN,FT,Research Technician - NextGen Approaches,0,USD,0,DE,0,DE,M
2023,SE,FT,Software Engineer,0,USD,0,DE,50,DE,M
2023,SE,CT,Master thesis on Autonomous Systems and Artificial Intelligence,0,USD,0,DE,0,DE,M
2023,EN,FT,Staff Bioinformatician,0,USD,0,DE,0,DE,M
2023,MI,FT,Product Engineer 3D Reality Mapping,0,USD,0,DE,50,DE,M
2023,SE,FT,Product Manager - Fraud,0,USD,0,DE,100,DE,M
2023,SE,FT,Data Analyst Aftersales,0,USD,0,DE,50,DE,M
2023,SE,FT,Backend Engineer,0,USD,0,DE,0,DE,M
2023,EN,FT,FPGA Data Processing for LiDAR,0,USD,0,DE,50,DE,M
2023,MI,FT,Business Intelligence Analyst in Healthcare,0,USD,0,DE,50,DE,M
2023,SE,FT,Product Manager - Data Platform,0,USD,0,DE,100,DE,M
2023,SE,FT,Group Data Protection Counsel,0,USD,0,DE,0,DE,M
2023,MI,PT,Research assistant for the area of software development,0,USD,0,DE,0,DE,M
2023,EN,FT,PhD Student,0,USD,0,DE,0,DE,M
2023,EN,CT,Smart Home - Data Science,0,USD,0,DE,0,DE,M
2023,EN,FT,Technical Project Manager (Service Packaging),0,USD,0,DE,0,DE,M
2023,EN,FT,Research Assistant Strategic Technology Management,0,USD,0,DE,0,DE,M
2023,SE,FT,Projektmanager/Data Scientist/Business Analyst,0,USD,0,DE,50,DE,M
2023,EN,FT,Coordinator for research and structured qualification of doctoral researchers in data science,0,USD,0,DE,0,DE,M
2023,SE,FT,Expert Data Scientist - SAP Signavio Process Intelligence,0,USD,0,DE,10,DE,M
2023,SE,FT,Data Platform Engineer,0,USD,0,DE,50,DE,M
2023,SE,FL,Vue Developer,0,USD,0,DE,100,DE,M
2023,EN,FT,PhD Student,0,USD,0,DE,100,DE,M
2023,EN,FT,Data Analytics for a sustainable manufacturing,0,USD,0,DE,50,DE,M
2023,EN,FT,Data Scientist / Analyst Supply Chain Management,0,USD,0,DE,50,DE,M
2023,EN,PT,Research Group Leader/Postdoc,0,USD,0,DE,100,DE,M
2023,EN,PT,ERP Specialist - Microsoft Business Central,0,USD,0,DE,30,DE,M
2023,EN,FT,Software Developer Backend,0,USD,0,DE,50,DE,M
2023,SE,FT,Product Owner (UX),0,USD,0,DE,100,DE,M
2023,SE,PT,Softwareentwickler *in Künstliche Intelligenz / KI,0,USD,0,DE,100,DE,M
2023,EN,FT,Data Engineer,0,USD,0,DE,50,DE,M
2023,EN,FT,Solutions Architect,0,USD,0,DE,0,DE,M
2023,MI,FT,Engineering CAD Specialist,0,USD,0,DE,50,DE,M
2023,SE,FT,Software Engineer,0,USD,0,DE,100,DE,M
2023,EN,PT,Student Assistant for the programming of laboratory experiments,0,USD,0,DE,0,DE,M
2023,SE,FT,Expert Data Science,0,USD,0,DE,50,DE,M
2023,SE,FT,Data Analyst,0,USD,0,DE,50,DE,M
2023,MI,FT,QA Engineer,0,USD,0,DE,100,DE,M
2023,SE,FT,Quant Developer,0,USD,0,DE,50,DE,M
2023,EN,PT,Doktorand:in - Bakteriophagen Diversität,0,USD,0,DE,0,DE,M
2023,EN,FT,Scientist Power Electronic Materials,0,USD,0,DE,0,DE,M
2023,SE,FT,C++ developer,0,USD,0,DE,100,DE,M
2023,EX,FT,Research assistant in NLP for the GeMTex projekt,0,USD,0,DE,50,DE,M
2023,SE,FT,MRI Scientist,0,USD,0,DE,50,DE,M
2023,SE,FT,Engineering Lead for Connected Radio,0,USD,0,DE,50,DE,M
2023,SE,FT,Data Engineer,0,USD,0,DE,50,DE,M
2023,MI,FT,Firmware Engineer,0,USD,0,DE,0,DE,M
2023,EN,FT,DevOps / MLOps / Software Engineer,0,USD,0,DE,50,DE,M
2023,SE,FT,Data Engineer,0,USD,0,DE,50,DE,M
2023,SE,FT,Full Stack Developer,0,USD,0,DE,100,DE,M
2023,EN,PT,Software Engineer,0,USD,0,DE,50,DE,M
2023,EN,FT,Scientific Code Developer,0,USD,0,DE,50,DE,M
2023,EN,FT,Software Developer,0,USD,0,DE,50,DE,M
2023,EN,FT,Data Analyst,0,USD,0,DE,0,DE,M
2023,EN,FT,Softwareentwickler für Testautomatisierung,0,USD,0,DE,0,DE,M
2023,SE,FT,Statistical Analyst,0,USD,0,DE,20,DE,M
2023,EN,FT,IT Specialist - Data and Process Analysis,0,USD,0,DE,0,DE,M
2023,SE,FT,Software Engineer - Distributed Data Systems,0,USD,0,DE,100,DE,M
2023,EN,FT,Study Manager,0,USD,0,DE,90,DE,M
2023,SE,FT,Big Data Architect,0,USD,0,DE,50,DE,M
2023,SE,FT,Data Analytics Engineer,0,USD,0,DE,100,DE,M
2023,SE,FT,IT Support Lead,0,USD,0,DE,50,DE,M
2023,SE,FT,Claims Data Engineer,0,USD,0,DE,50,DE,M
2023,SE,FT,Data Analyst - Project A,0,USD,0,DE,100,DE,M
2023,SE,FT,Data Engineer,0,USD,0,DE,50,DE,M
2023,EN,FT,Research Software Engineer and Steward,0,USD,0,DE,100,DE,M
2023,EN,FT,Data Science Consultant,0,USD,0,DE,0,DE,M
2023,MI,FT,Software Developer with Data Base Expertise for Autonomous Underwater Vehicles,0,USD,0,DE,50,DE,M
2023,EN,FT,Research Assistant/Associate,0,USD,0,DE,0,DE,M
2023,SE,FT,Data Analyst,0,USD,0,DE,50,DE,M
2023,SE,FT,Cloud Data & Analytics Engineer,0,USD,0,DE,80,DE,M
2023,EN,FT,Business Analyst,0,USD,0,DE,0,DE,M
2023,SE,FT,Lead AI Scientist,0,USD,0,DE,50,DE,M
2023,EN,FT,Business Analyst,0,USD,0,DE,50,DE,M
2023,EN,FT,Postdoctoral Researcher in numerical mathematics / computer science,0,USD,0,DE,0,DE,M
2023,EN,FT,Data Analyst Credit Risk,0,USD,0,DE,50,DE,M
2023,MI,FT,Data Scientist / Data Analyst,0,USD,0,DE,50,DE,M
2023,EN,FT,Data Engineer / Business Intelligence,0,USD,0,DE,0,DE,M
2023,SE,FT,Architect Big Data & Data Science,0,USD,0,DE,100,DE,M
2023,SE,FT,Data Product Manager,0,USD,0,DE,50,DE,M
2023,EN,PT,Doktorand*in und wissenschaftliche*r Mitarbeiter*in (w/m/div) im SOEP,0,USD,0,DE,0,DE,M
2023,EN,FT,Data Engineer,0,USD,0,DE,0,DE,M
2023,SE,FT,Software Engineer for system-oriented programming for data transmission in computed tomography,0,USD,0,DE,60,DE,M
2023,EN,PT,Referent*in für Forschungsdatenmanagement,0,USD,0,DE,50,DE,M
2023,EN,FT,Workday HRIM Analyst,0,USD,0,DE,100,DE,M